filename,object_location,image_small,image_thumb
pses_001.jpg,/objects/pses_001.jpg,/objects/small/pses_001_sm.jpg,/objects/thumbs/pses_001_th.jpg
pses_002.jpg,/objects/pses_002.jpg,/objects/small/pses_002_sm.jpg,/objects/thumbs/pses_002_th.jpg
pses_003.jpg,/objects/pses_003.jpg,/objects/small/pses_003_sm.jpg,/objects/thumbs/pses_003_th.jpg
pses_004.jpg,/objects/pses_004.jpg,/objects/small/pses_004_sm.jpg,/objects/thumbs/pses_004_th.jpg
pses_005.jpg,/objects/pses_005.jpg,/objects/small/pses_005_sm.jpg,/objects/thumbs/pses_005_th.jpg
pses_006.jpg,/objects/pses_006.jpg,/objects/small/pses_006_sm.jpg,/objects/thumbs/pses_006_th.jpg
pses_007.jpg,/objects/pses_007.jpg,/objects/small/pses_007_sm.jpg,/objects/thumbs/pses_007_th.jpg
pses_008.jpg,/objects/pses_008.jpg,/objects/small/pses_008_sm.jpg,/objects/thumbs/pses_008_th.jpg
pses_009.jpg,/objects/pses_009.jpg,/objects/small/pses_009_sm.jpg,/objects/thumbs/pses_009_th.jpg
pses_010.jpg,/objects/pses_010.jpg,/objects/small/pses_010_sm.jpg,/objects/thumbs/pses_010_th.jpg
pses_011.jpg,/objects/pses_011.jpg,/objects/small/pses_011_sm.jpg,/objects/thumbs/pses_011_th.jpg
pses_012.jpg,/objects/pses_012.jpg,/objects/small/pses_012_sm.jpg,/objects/thumbs/pses_012_th.jpg
pses_013.jpg,/objects/pses_013.jpg,/objects/small/pses_013_sm.jpg,/objects/thumbs/pses_013_th.jpg
pses_014.jpg,/objects/pses_014.jpg,/objects/small/pses_014_sm.jpg,/objects/thumbs/pses_014_th.jpg
pses_015.jpg,/objects/pses_015.jpg,/objects/small/pses_015_sm.jpg,/objects/thumbs/pses_015_th.jpg
pses_016.jpg,/objects/pses_016.jpg,/objects/small/pses_016_sm.jpg,/objects/thumbs/pses_016_th.jpg
pses_017.jpg,/objects/pses_017.jpg,/objects/small/pses_017_sm.jpg,/objects/thumbs/pses_017_th.jpg
pses_018.jpg,/objects/pses_018.jpg,/objects/small/pses_018_sm.jpg,/objects/thumbs/pses_018_th.jpg
pses_019.jpg,/objects/pses_019.jpg,/objects/small/pses_019_sm.jpg,/objects/thumbs/pses_019_th.jpg
pses_020.jpg,/objects/pses_020.jpg,/objects/small/pses_020_sm.jpg,/objects/thumbs/pses_020_th.jpg
pses_021.jpg,/objects/pses_021.jpg,/objects/small/pses_021_sm.jpg,/objects/thumbs/pses_021_th.jpg
pses_022.jpg,/objects/pses_022.jpg,/objects/small/pses_022_sm.jpg,/objects/thumbs/pses_022_th.jpg
pses_023.jpg,/objects/pses_023.jpg,/objects/small/pses_023_sm.jpg,/objects/thumbs/pses_023_th.jpg
pses_024.jpg,/objects/pses_024.jpg,/objects/small/pses_024_sm.jpg,/objects/thumbs/pses_024_th.jpg
pses_025.jpg,/objects/pses_025.jpg,/objects/small/pses_025_sm.jpg,/objects/thumbs/pses_025_th.jpg
pses_026.jpg,/objects/pses_026.jpg,/objects/small/pses_026_sm.jpg,/objects/thumbs/pses_026_th.jpg
pses_027.jpg,/objects/pses_027.jpg,/objects/small/pses_027_sm.jpg,/objects/thumbs/pses_027_th.jpg
pses_028.jpg,/objects/pses_028.jpg,/objects/small/pses_028_sm.jpg,/objects/thumbs/pses_028_th.jpg
pses_029.jpg,/objects/pses_029.jpg,/objects/small/pses_029_sm.jpg,/objects/thumbs/pses_029_th.jpg
pses_030.jpg,/objects/pses_030.jpg,/objects/small/pses_030_sm.jpg,/objects/thumbs/pses_030_th.jpg
pses_031.jpg,/objects/pses_031.jpg,/objects/small/pses_031_sm.jpg,/objects/thumbs/pses_031_th.jpg
pses_032.jpg,/objects/pses_032.jpg,/objects/small/pses_032_sm.jpg,/objects/thumbs/pses_032_th.jpg
pses_033.jpg,/objects/pses_033.jpg,/objects/small/pses_033_sm.jpg,/objects/thumbs/pses_033_th.jpg
pses_034.jpg,/objects/pses_034.jpg,/objects/small/pses_034_sm.jpg,/objects/thumbs/pses_034_th.jpg
pses_035.jpg,/objects/pses_035.jpg,/objects/small/pses_035_sm.jpg,/objects/thumbs/pses_035_th.jpg
pses_036.jpg,/objects/pses_036.jpg,/objects/small/pses_036_sm.jpg,/objects/thumbs/pses_036_th.jpg
pses_037.jpg,/objects/pses_037.jpg,/objects/small/pses_037_sm.jpg,/objects/thumbs/pses_037_th.jpg
pses_038.jpg,/objects/pses_038.jpg,/objects/small/pses_038_sm.jpg,/objects/thumbs/pses_038_th.jpg
pses_039.jpg,/objects/pses_039.jpg,/objects/small/pses_039_sm.jpg,/objects/thumbs/pses_039_th.jpg
pses_040.jpg,/objects/pses_040.jpg,/objects/small/pses_040_sm.jpg,/objects/thumbs/pses_040_th.jpg
pses_041.jpg,/objects/pses_041.jpg,/objects/small/pses_041_sm.jpg,/objects/thumbs/pses_041_th.jpg
pses_042.jpg,/objects/pses_042.jpg,/objects/small/pses_042_sm.jpg,/objects/thumbs/pses_042_th.jpg
pses_043.jpg,/objects/pses_043.jpg,/objects/small/pses_043_sm.jpg,/objects/thumbs/pses_043_th.jpg
pses_044.jpg,/objects/pses_044.jpg,/objects/small/pses_044_sm.jpg,/objects/thumbs/pses_044_th.jpg
pses_045.jpg,/objects/pses_045.jpg,/objects/small/pses_045_sm.jpg,/objects/thumbs/pses_045_th.jpg
pses_046.jpg,/objects/pses_046.jpg,/objects/small/pses_046_sm.jpg,/objects/thumbs/pses_046_th.jpg
pses_047.jpg,/objects/pses_047.jpg,/objects/small/pses_047_sm.jpg,/objects/thumbs/pses_047_th.jpg
pses_048.jpg,/objects/pses_048.jpg,/objects/small/pses_048_sm.jpg,/objects/thumbs/pses_048_th.jpg
pses_049.jpg,/objects/pses_049.jpg,/objects/small/pses_049_sm.jpg,/objects/thumbs/pses_049_th.jpg
pses_050.jpg,/objects/pses_050.jpg,/objects/small/pses_050_sm.jpg,/objects/thumbs/pses_050_th.jpg
pses_051.jpg,/objects/pses_051.jpg,/objects/small/pses_051_sm.jpg,/objects/thumbs/pses_051_th.jpg
pses_052.jpg,/objects/pses_052.jpg,/objects/small/pses_052_sm.jpg,/objects/thumbs/pses_052_th.jpg
pses_053.jpg,/objects/pses_053.jpg,/objects/small/pses_053_sm.jpg,/objects/thumbs/pses_053_th.jpg
pses_054.jpg,/objects/pses_054.jpg,/objects/small/pses_054_sm.jpg,/objects/thumbs/pses_054_th.jpg
pses_055.jpg,/objects/pses_055.jpg,/objects/small/pses_055_sm.jpg,/objects/thumbs/pses_055_th.jpg
pses_056.jpg,/objects/pses_056.jpg,/objects/small/pses_056_sm.jpg,/objects/thumbs/pses_056_th.jpg
